{"message":"I'm here to help you. How can I assist you today?","conversation_id":"93a9bc83-40d5-4eae-a026-fe4d4aad0d60","message_id":"68e10cdf-53fc-4a57-a7e2-8f47acdc2b5b","citations":[],"privacy_status":{"compliant":true,"violations":0},"performance":{"total_time":2.400545597076416,"stage_times":{"embedding_generation":0.4057631492614746,"vector_search":0.013924360275268555,"context_building":0.0010833740234375,"llm_generation":1.9737117290496826,"privacy_filtering":0.0007340908050537109,"conversation_saving":0.005078315734863281},"quality_score":0.6000000000000001},"usage":{"input_tokens":328,"output_tokens":14,"estimated_cost":0.0005200000000000001},"sources":{"total_used":0,"citable":0,"private":0,"context_score":0.0}}